[
    {
        "emoji" : "🏁",
        "description": "Chequered Flag"
    },
    {
        "emoji" : "🚩",
        "description": "Triangular Flag"
    },
    {
        "emoji" : "🎌",
        "description": "Crossed Flags"
    },
    {
        "emoji" : "🏴",
        "description": "Black Flag"
    },
    {
        "emoji" : "🏳️",
        "description": "White Flag"
    },
    {
        "emoji" : "🏳️‍🌈",
        "description": "Rainbow Flag"
    },
    {
        "emoji" : "🏳️‍⚧️",
        "description": "Transgender Flag"
    },
    {
        "emoji" : "🏴‍☠️",
        "description": "Pirate Flag"
    },
    {
        "emoji" : "🇦🇨",
        "description": "Ascension Island"
    },
    {
        "emoji" : "🇦🇩",
        "description": "Andorra"
    },
    {
        "emoji" : "🇦🇪",
        "description": "United Arab Emirates"
    },
    {
        "emoji" : "🇦🇫",
        "description": "Afghanistan"
    },
    {
        "emoji" : "🇦🇬",
        "description": "Antigua & Barbuda"
    },
    {
        "emoji" : "🇦🇮",
        "description": "Anguilla"
    },
    {
        "emoji" : "🇦🇱",
        "description": "Albania"
    },
    {
        "emoji" : "🇦🇲",
        "description": "Armenia"
    },
    {
        "emoji" : "🇦🇴",
        "description": "Angola"
    },
    {
        "emoji" : "🇦🇶",
        "description": "Antarctica"
    },
    {
        "emoji" : "🇦🇷",
        "description": "Argentina"
    },
    {
        "emoji" : "🇦🇸",
        "description": "American Samoa"
    },
    {
        "emoji" : "🇦🇹",
        "description": "Austria"
    },
    {
        "emoji" : "🇦🇺",
        "description": "Australia"
    },
    {
        "emoji" : "🇦🇼",
        "description": "Aruba"
    },
    {
        "emoji" : "🇦🇽",
        "description": "Åland Islands"
    },
    {
        "emoji" : "🇦🇿",
        "description": "Azerbaijan"
    },
    {
        "emoji" : "🇧🇦",
        "description": "Bosnia & Herzegovina"
    },
    {
        "emoji" : "🇧🇧",
        "description": "Barbados"
    },
    {
        "emoji" : "🇧🇩",
        "description": "Bangladesh"
    },
    {
        "emoji" : "🇧🇪",
        "description": "Belgium"
    },
    {
        "emoji" : "🇧🇫",
        "description": "Burkina Faso"
    },
    {
        "emoji" : "🇧🇬",
        "description": "Bulgaria"
    },
    {
        "emoji" : "🇧🇭",
        "description": "Bahrain"
    },
    {
        "emoji" : "🇧🇮",
        "description": "Burundi"
    },
    {
        "emoji" : "🇧🇯",
        "description": "Benin"
    },
    {
        "emoji" : "🇧🇱",
        "description": "St. Barthélemy"
    },
    {
        "emoji" : "🇧🇲",
        "description": "Bermuda"
    },
    {
        "emoji" : "🇧🇳",
        "description": "Brunei"
    },
    {
        "emoji" : "🇧🇴",
        "description": "Bolivia"
    },
    {
        "emoji" : "🇧🇶",
        "description": "Caribbean Netherlands"
    },
    {
        "emoji" : "🇧🇷",
        "description": "Brazil"
    },
    {
        "emoji" : "🇧🇸",
        "description": "Bahamas"
    },
    {
        "emoji" : "🇧🇹",
        "description": "Bhutan"
    },
    {
        "emoji" : "🇧🇻",
        "description": "Bouvet Island"
    },
    {
        "emoji" : "🇧🇼",
        "description": "Botswana"
    },
    {
        "emoji" : "🇧🇾",
        "description": "Belarus"
    },
    {
        "emoji" : "🇧🇿",
        "description": "Belize"
    },
    {
        "emoji" : "🇨🇦",
        "description": "Canada"
    },
    {
        "emoji" : "🇨🇨",
        "description": "Cocos (Keeling) Islands"
    },
    {
        "emoji" : "🇨🇩",
        "description": "Congo - Kinshasa"
    },
    {
        "emoji" : "🇨🇫",
        "description": "Central African Republic"
    },
    {
        "emoji" : "🇨🇬",
        "description": "Congo - Brazzaville"
    },
    {
        "emoji" : "🇨🇭",
        "description": "Switzerland"
    },
    {
        "emoji" : "🇨🇮",
        "description": "Côte d’Ivoire"
    },
    {
        "emoji" : "🇨🇰",
        "description": "Cook Islands"
    },
    {
        "emoji" : "🇨🇱",
        "description": "Chile"
    },
    {
        "emoji" : "🇨🇲",
        "description": "Cameroon"
    },
    {
        "emoji" : "🇨🇳",
        "description": "China"
    },
    {
        "emoji" : "🇨🇴",
        "description": "Colombia"
    },
    {
        "emoji" : "🇨🇵",
        "description": "Clipperton Island"
    },
    {
        "emoji" : "🇨🇷",
        "description": "Costa Rica"
    },
    {
        "emoji" : "🇨🇺",
        "description": "Cuba"
    },
    {
        "emoji" : "🇨🇻",
        "description": "Cape Verde"
    },
    {
        "emoji" : "🇨🇼",
        "description": "Curaçao"
    },
    {
        "emoji" : "🇨🇽",
        "description": "Christmas Island"
    },
    {
        "emoji" : "🇨🇾",
        "description": "Cyprus"
    },
    {
        "emoji" : "🇨🇿",
        "description": "Czechia"
    },
    {
        "emoji" : "🇩🇪",
        "description": "Germany"
    },
    {
        "emoji" : "🇩🇬",
        "description": "Diego Garcia"
    },
    {
        "emoji" : "🇩🇯",
        "description": "Djibouti"
    },
    {
        "emoji" : "🇩🇰",
        "description": "Denmark"
    },
    {
        "emoji" : "🇩🇲",
        "description": "Dominica"
    },
    {
        "emoji" : "🇩🇴",
        "description": "Dominican Republic"
    },
    {
        "emoji" : "🇩🇿",
        "description": "Algeria"
    },
    {
        "emoji" : "🇪🇦",
        "description": "Ceuta & Melilla"
    },
    {
        "emoji" : "🇪🇨",
        "description": "Ecuador"
    },
    {
        "emoji" : "🇪🇪",
        "description": "Estonia"
    },
    {
        "emoji" : "🇪🇬",
        "description": "Egypt"
    },
    {
        "emoji" : "🇪🇭",
        "description": "Western Sahara"
    },
    {
        "emoji" : "🇪🇷",
        "description": "Eritrea"
    },
    {
        "emoji" : "🇪🇸",
        "description": "Spain"
    },
    {
        "emoji" : "🇪🇹",
        "description": "Ethiopia"
    },
    {
        "emoji" : "🇪🇺",
        "description": "European Union"
    },
    {
        "emoji" : "🇫🇮",
        "description": "Finland"
    },
    {
        "emoji" : "🇫🇯",
        "description": "Fiji"
    },
    {
        "emoji" : "🇫🇰",
        "description": "Falkland Islands"
    },
    {
        "emoji" : "🇫🇲",
        "description": "Micronesia"
    },
    {
        "emoji" : "🇫🇴",
        "description": "Faroe Islands"
    },
    {
        "emoji" : "🇫🇷",
        "description": "France"
    },
    {
        "emoji" : "🇬🇦",
        "description": "Gabon"
    },
    {
        "emoji" : "🇬🇧",
        "description": "United Kingdom"
    },
    {
        "emoji" : "🇬🇩",
        "description": "Grenada"
    },
    {
        "emoji" : "🇬🇪",
        "description": "Georgia"
    },
    {
        "emoji" : "🇬🇫",
        "description": "French Guiana"
    },
    {
        "emoji" : "🇬🇬",
        "description": "Guernsey"
    },
    {
        "emoji" : "🇬🇭",
        "description": "Ghana"
    },
    {
        "emoji" : "🇬🇮",
        "description": "Gibraltar"
    },
    {
        "emoji" : "🇬🇱",
        "description": "Greenland"
    },
    {
        "emoji" : "🇬🇲",
        "description": "Gambia"
    },
    {
        "emoji" : "🇬🇳",
        "description": "Guinea"
    },
    {
        "emoji" : "🇬🇵",
        "description": "Guadeloupe"
    },
    {
        "emoji" : "🇬🇶",
        "description": "Equatorial Guinea"
    },
    {
        "emoji" : "🇬🇷",
        "description": "Greece"
    },
    {
        "emoji" : "🇬🇸",
        "description": "South Georgia & South Sandwich Islands"
    },
    {
        "emoji" : "🇬🇹",
        "description": "Guatemala"
    },
    {
        "emoji" : "🇬🇺",
        "description": "Guam"
    },
    {
        "emoji" : "🇬🇼",
        "description": "Guinea-Bissau"
    },
    {
        "emoji" : "🇬🇾",
        "description": "Guyana"
    },
    {
        "emoji" : "🇭🇰",
        "description": "Hong Kong SAR China"
    },
    {
        "emoji" : "🇭🇲",
        "description": "Heard & McDonald Islands"
    },
    {
        "emoji" : "🇭🇳",
        "description": "Honduras"
    },
    {
        "emoji" : "🇭🇷",
        "description": "Croatia"
    },
    {
        "emoji" : "🇭🇹",
        "description": "Haiti"
    },
    {
        "emoji" : "🇭🇺",
        "description": "Hungary"
    },
    {
        "emoji" : "🇮🇨",
        "description": "Canary Islands"
    },
    {
        "emoji" : "🇮🇩",
        "description": "Indonesia"
    },
    {
        "emoji" : "🇮🇪",
        "description": "Ireland"
    },
    {
        "emoji" : "🇮🇱",
        "description": "Israel"
    },
    {
        "emoji" : "🇮🇲",
        "description": "Isle of Man"
    },
    {
        "emoji" : "🇮🇳",
        "description": "India"
    },
    {
        "emoji" : "🇮🇴",
        "description": "British Indian Ocean Territory"
    },
    {
        "emoji" : "🇮🇶",
        "description": "Iraq"
    },
    {
        "emoji" : "🇮🇷",
        "description": "Iran"
    },
    {
        "emoji" : "🇮🇸",
        "description": "Iceland"
    },
    {
        "emoji" : "🇮🇹",
        "description": "Italy"
    },
    {
        "emoji" : "🇯🇪",
        "description": "Jersey"
    },
    {
        "emoji" : "🇯🇲",
        "description": "Jamaica"
    },
    {
        "emoji" : "🇯🇴",
        "description": "Jordan"
    },
    {
        "emoji" : "🇯🇵",
        "description": "Japan"
    },
    {
        "emoji" : "🇰🇪",
        "description": "Kenya"
    },
    {
        "emoji" : "🇰🇬",
        "description": "Kyrgyzstan"
    },
    {
        "emoji" : "🇰🇭",
        "description": "Cambodia"
    },
    {
        "emoji" : "🇰🇮",
        "description": "Kiribati"
    },
    {
        "emoji" : "🇰🇲",
        "description": "Comoros"
    },
    {
        "emoji" : "🇰🇳",
        "description": "St. Kitts & Nevis"
    },
    {
        "emoji" : "🇰🇵",
        "description": "North Korea"
    },
    {
        "emoji" : "🇰🇷",
        "description": "South Korea"
    },
    {
        "emoji" : "🇰🇼",
        "description": "Kuwait"
    },
    {
        "emoji" : "🇰🇾",
        "description": "Cayman Islands"
    },
    {
        "emoji" : "🇰🇿",
        "description": "Kazakhstan"
    },
    {
        "emoji" : "🇱🇦",
        "description": "Laos"
    },
    {
        "emoji" : "🇱🇧",
        "description": "Lebanon"
    },
    {
        "emoji" : "🇱🇨",
        "description": "St. Lucia"
    },
    {
        "emoji" : "🇱🇮",
        "description": "Liechtenstein"
    },
    {
        "emoji" : "🇱🇰",
        "description": "Sri Lanka"
    },
    {
        "emoji" : "🇱🇷",
        "description": "Liberia"
    },
    {
        "emoji" : "🇱🇸",
        "description": "Lesotho"
    },
    {
        "emoji" : "🇱🇹",
        "description": "Lithuania"
    },
    {
        "emoji" : "🇱🇺",
        "description": "Luxembourg"
    },
    {
        "emoji" : "🇱🇻",
        "description": "Latvia"
    },
    {
        "emoji" : "🇱🇾",
        "description": "Libya"
    },
    {
        "emoji" : "🇲🇦",
        "description": "Morocco"
    },
    {
        "emoji" : "🇲🇨",
        "description": "Monaco"
    },
    {
        "emoji" : "🇲🇩",
        "description": "Moldova"
    },
    {
        "emoji" : "🇲🇪",
        "description": "Montenegro"
    },
    {
        "emoji" : "🇲🇫",
        "description": "St. Martin"
    },
    {
        "emoji" : "🇲🇬",
        "description": "Madagascar"
    },
    {
        "emoji" : "🇲🇭",
        "description": "Marshall Islands"
    },
    {
        "emoji" : "🇲🇰",
        "description": "North Macedonia"
    },
    {
        "emoji" : "🇲🇱",
        "description": "Mali"
    },
    {
        "emoji" : "🇲🇲",
        "description": "Myanmar (Burma)"
    },
    {
        "emoji" : "🇲🇳",
        "description": "Mongolia"
    },
    {
        "emoji" : "🇲🇴",
        "description": "Macao Sar China"
    },
    {
        "emoji" : "🇲🇵",
        "description": "Northern Mariana Islands"
    },
    {
        "emoji" : "🇲🇶",
        "description": "Martinique"
    },
    {
        "emoji" : "🇲🇷",
        "description": "Mauritania"
    },
    {
        "emoji" : "🇲🇸",
        "description": "Montserrat"
    },
    {
        "emoji" : "🇲🇹",
        "description": "Malta"
    },
    {
        "emoji" : "🇲🇺",
        "description": "Mauritius"
    },
    {
        "emoji" : "🇲🇻",
        "description": "Maldives"
    },
    {
        "emoji" : "🇲🇼",
        "description": "Malawi"
    },
    {
        "emoji" : "🇲🇽",
        "description": "Mexico"
    },
    {
        "emoji" : "🇲🇾",
        "description": "Malaysia"
    },
    {
        "emoji" : "🇲🇿",
        "description": "Mozambique"
    },
    {
        "emoji" : "🇳🇦",
        "description": "Namibia"
    },
    {
        "emoji" : "🇳🇨",
        "description": "New Caledonia"
    },
    {
        "emoji" : "🇳🇪",
        "description": "Niger"
    },
    {
        "emoji" : "🇳🇫",
        "description": "Norfolk Island"
    },
    {
        "emoji" : "🇳🇬",
        "description": "Nigeria"
    },
    {
        "emoji" : "🇳🇮",
        "description": "Nicaragua"
    },
    {
        "emoji" : "🇳🇱",
        "description": "Netherlands"
    },
    {
        "emoji" : "🇳🇴",
        "description": "Norway"
    },
    {
        "emoji" : "🇳🇵",
        "description": "Nepal"
    },
    {
        "emoji" : "🇳🇷",
        "description": "Nauru"
    },
    {
        "emoji" : "🇳🇺",
        "description": "Niue"
    },
    {
        "emoji" : "🇳🇿",
        "description": "New Zealand"
    },
    {
        "emoji" : "🇴🇲",
        "description": "Oman"
    },
    {
        "emoji" : "🇵🇦",
        "description": "Panama"
    },
    {
        "emoji" : "🇵🇪",
        "description": "Peru"
    },
    {
        "emoji" : "🇵🇫",
        "description": "French Polynesia"
    },
    {
        "emoji" : "🇵🇬",
        "description": "Papua New Guinea"
    },
    {
        "emoji" : "🇵🇭",
        "description": "Philippines"
    },
    {
        "emoji" : "🇵🇰",
        "description": "Pakistan"
    },
    {
        "emoji" : "🇵🇱",
        "description": "Poland"
    },
    {
        "emoji" : "🇵🇲",
        "description": "St. Pierre & Miquelon"
    },
    {
        "emoji" : "🇵🇳",
        "description": "Pitcairn Islands"
    },
    {
        "emoji" : "🇵🇷",
        "description": "Puerto Rico"
    },
    {
        "emoji" : "🇵🇸",
        "description": "Palestinian Territories"
    },
    {
        "emoji" : "🇵🇹",
        "description": "Portugal"
    },
    {
        "emoji" : "🇵🇼",
        "description": "Palau"
    },
    {
        "emoji" : "🇵🇾",
        "description": "Paraguay"
    },
    {
        "emoji" : "🇶🇦",
        "description": "Qatar"
    },
    {
        "emoji" : "🇷🇪",
        "description": "Réunion"
    },
    {
        "emoji" : "🇷🇴",
        "description": "Romania"
    },
    {
        "emoji" : "🇷🇸",
        "description": "Serbia"
    },
    {
        "emoji" : "🇷🇺",
        "description": "Russia"
    },
    {
        "emoji" : "🇷🇼",
        "description": "Rwanda"
    },
    {
        "emoji" : "🇸🇦",
        "description": "Saudi Arabia"
    },
    {
        "emoji" : "🇸🇧",
        "description": "Solomon Islands"
    },
    {
        "emoji" : "🇸🇨",
        "description": "Seychelles"
    },
    {
        "emoji" : "🇸🇩",
        "description": "Sudan"
    },
    {
        "emoji" : "🇸🇪",
        "description": "Sweden"
    },
    {
        "emoji" : "🇸🇬",
        "description": "Singapore"
    },
    {
        "emoji" : "🇸🇭",
        "description": "St. Helena"
    },
    {
        "emoji" : "🇸🇮",
        "description": "Slovenia"
    },
    {
        "emoji" : "🇸🇯",
        "description": "Svalbard & Jan Mayen"
    },
    {
        "emoji" : "🇸🇰",
        "description": "Slovakia"
    },
    {
        "emoji" : "🇸🇱",
        "description": "Sierra Leone"
    },
    {
        "emoji" : "🇸🇲",
        "description": "San Marino"
    },
    {
        "emoji" : "🇸🇳",
        "description": "Senegal"
    },
    {
        "emoji" : "🇸🇴",
        "description": "Somalia"
    },
    {
        "emoji" : "🇸🇷",
        "description": "Suriname"
    },
    {
        "emoji" : "🇸🇸",
        "description": "South Sudan"
    },
    {
        "emoji" : "🇸🇹",
        "description": "São Tomé & Príncipe"
    },
    {
        "emoji" : "🇸🇻",
        "description": "El Salvador"
    },
    {
        "emoji" : "🇸🇽",
        "description": "Sint Maarten"
    },
    {
        "emoji" : "🇸🇾",
        "description": "Syria"
    },
    {
        "emoji" : "🇸🇿",
        "description": "Eswatini"
    },
    {
        "emoji" : "🇹🇦",
        "description": "Tristan Da Cunha"
    },
    {
        "emoji" : "🇹🇨",
        "description": "Turks & Caicos Islands"
    },
    {
        "emoji" : "🇹🇩",
        "description": "Chad"
    },
    {
        "emoji" : "🇹🇫",
        "description": "French Southern Territories"
    },
    {
        "emoji" : "🇹🇬",
        "description": "Togo"
    },
    {
        "emoji" : "🇹🇭",
        "description": "Thailand"
    },
    {
        "emoji" : "🇹🇯",
        "description": "Tajikistan"
    },
    {
        "emoji" : "🇹🇰",
        "description": "Tokelau"
    },
    {
        "emoji" : "🇹🇱",
        "description": "Timor-Leste"
    },
    {
        "emoji" : "🇹🇲",
        "description": "Turkmenistan"
    },
    {
        "emoji" : "🇹🇳",
        "description": "Tunisia"
    },
    {
        "emoji" : "🇹🇴",
        "description": "Tonga"
    },
    {
        "emoji" : "🇹🇷",
        "description": "Turkey"
    },
    {
        "emoji" : "🇹🇹",
        "description": "Trinidad & Tobago"
    },
    {
        "emoji" : "🇹🇻",
        "description": "Tuvalu"
    },
    {
        "emoji" : "🇹🇼",
        "description": "Taiwan"
    },
    {
        "emoji" : "🇹🇿",
        "description": "Tanzania"
    },
    {
        "emoji" : "🇺🇦",
        "description": "Ukraine"
    },
    {
        "emoji" : "🇺🇬",
        "description": "Uganda"
    },
    {
        "emoji" : "🇺🇲",
        "description": "U.S. Outlying Islands"
    },
    {
        "emoji" : "🇺🇳",
        "description": "United Nations"
    },
    {
        "emoji" : "🇺🇸",
        "description": "United States"
    },
    {
        "emoji" : "🇺🇾",
        "description": "Uruguay"
    },
    {
        "emoji" : "🇺🇿",
        "description": "Uzbekistan"
    },
    {
        "emoji" : "🇻🇦",
        "description": "Vatican City"
    },
    {
        "emoji" : "🇻🇨",
        "description": "St. Vincent & Grenadines"
    },
    {
        "emoji" : "🇻🇪",
        "description": "Venezuela"
    },
    {
        "emoji" : "🇻🇬",
        "description": "British Virgin Islands"
    },
    {
        "emoji" : "🇻🇮",
        "description": "U.S. Virgin Islands"
    },
    {
        "emoji" : "🇻🇳",
        "description": "Vietnam"
    },
    {
        "emoji" : "🇻🇺",
        "description": "Vanuatu"
    },
    {
        "emoji" : "🇼🇫",
        "description": "Wallis & Futuna"
    },
    {
        "emoji" : "🇼🇸",
        "description": "Samoa"
    },
    {
        "emoji" : "🇽🇰",
        "description": "Kosovo"
    },
    {
        "emoji" : "🇾🇪",
        "description": "Yemen"
    },
    {
        "emoji" : "🇾🇹",
        "description": "Mayotte"
    },
    {
        "emoji" : "🇿🇦",
        "description": "South Africa"
    },
    {
        "emoji" : "🇿🇲",
        "description": "Zambia"
    },
    {
        "emoji" : "🇿🇼",
        "description": "Zimbabwe"
    },
    {
        "emoji" : "🏴󠁧󠁢󠁥󠁮󠁧󠁿",
        "description": "England"
    },
    {
        "emoji" : "🏴󠁧󠁢󠁳󠁣󠁴󠁿",
        "description": "Scotland"
    },
    {
        "emoji" : "🏴󠁧󠁢󠁷󠁬󠁳󠁿",
        "description": "Wales"
    }
]
